Word 1,Word 2,Length
desserts,stressed,8
delbert,trebled,7
deliver,reviled,7
aneles,selena,6
animal,lamina,6
darter,retrad,6
deffer,reffed,6
delian,nailed,6
denier,reined,6
denies,seined,6
dennis,sinned,6
dialer,relaid,6
diaper,repaid,6
drawer,reward,6
elbert,treble,6
eviler,relive,6
harris,sirrah,6
kramer,remark,6
langer,regnal,6
looter,retool,6
pupils,slipup,6
recaps,spacer,6
redraw,warder,6
reknit,tinker,6
rennet,tenner,6
retros,sorter,6
secret,terces,6
sleets,steels,6
sloops,spools,6
snoops,spoons,6
sonnet,tennos,6
sports,strops,6
sprits,stirps,6
ailed,delia,5
airts,stria,5
andes,sedna,5
anele,elena,5
annam,manna,5
arian,naira,5
asset,tessa,5
atlas,salta,5
camus,sumac,5
damon,nomad,5
debut,tubed,5
decaf,faced,5
decal,laced,5
dedal,laded,5
deeps,speed,5
delos,soled,5
demit,timed,5
denim,mined,5
depot,toped,5
devil,lived,5
draws,sward,5
eliot,toile,5
errol,lorre,5
evian,naive,5
fires,serif,5
gnats,stang,5
hales,selah,5
keels,sleek,5
knaps,spank,5
knits,stink,5
ladon,nodal,5
lager,regal,5
larum,mural,5
laver,reval,5
leper,repel,5
lever,revel,5
liven,nevil,5
loops,spool,5
loots,stool,5
marcs,scram,5
miles,selim,5
nader,redan,5
niger,regin,5
nonet,tenon,5
notes,seton,5
occas,sacco,5
pacer,recap,5
parts,strap,5
peels,sleep,5
pools,sloop,5
poons,snoop,5
ports,strop,5
rebut,tuber,5
regor,roger,5
remit,timer,5
remus,sumer,5
resat,taser,5
resew,weser,5
sakis,sikas,5
samos,somas,5
sauks,skuas,5
silos,solis,5
smart,trams,5
snaps,spans,5
snips,spins,5
spots,stops,5
sprat,tarps,5
stows,swots,5
straw,warts,5
abas,saba,4
able,elba,4
abut,tuba,4
agar,raga,4
ages,sega,4
ajar,raja,4
amah,hama,4
amis,sima,4
amon,noma,4
amor,roma,4
amos,soma,4
anal,lana,4
anam,mana,4
anas,sana,4
anat,tana,4
anil,lina,4
anon,nona,4
ante,etna,4
arak,kara,4
aral,lara,4
aram,mara,4
aras,sara,4
aril,lira,4
aron,nora,4
aryl,lyra,4
auks,skua,4
aver,reva,4
avid,diva,4
avis,siva,4
avon,nova,4
baas,saab,4
bard,drab,4
bats,stab,4
bonk,knob,4
bots,stob,4
brag,garb,4
bros,sorb,4
buns,snub,4
burg,grub,4
buts,stub,4
coom,mooc,4
cork,kroc,4
corp,proc,4
cram,marc,4
dahs,shad,4
darg,grad,4
dart,trad,4
deem,meed,4
deep,peed,4
deer,reed,4
deil,lied,4
deus,sued,4
dews,swed,4
dial,laid,4
diam,maid,4
dias,said,4
dine,enid,4
doom,mood,4
door,rood,4
dorp,prod,4
dort,trod,4
drag,gard,4
draw,ward,4
dray,yard,4
dual,laud,4
edam,made,4
edit,tide,4
edom,mode,4
eire,erie,4
elam,male,4
emil,lime,4
emir,rime,4
emit,time,4
emos,some,4
enif,fine,4
enol,lone,4
enos,sone,4
ergo,ogre,4
eris,sire,4
eros,sore,4
etas,sate,4
eton,note,4
evan,nave,4
evil,live,4
feer,reef,4
fiat,taif,4
flog,golf,4
flor,rolf,4
flow,wolf,4
fret,terf,4
gals,slag,4
gats,stag,4
giro,orig,4
girt,trig,4
gnat,tang,4
gnaw,wang,4
gnus,sung,4
gorp,prog,4
gram,marg,4
grus,surg,4
gulp,plug,4
gums,smug,4
guns,snug,4
hoop,pooh,4
hopi,ipoh,4
idol,lodi,4
iras,sari,4
ital,lati,4
kcal,lack,4
keel,leek,4
keep,peek,4
knar,rank,4
know,wonk,4
kurt,truk,4
lair,rial,4
leer,reel,4
lees,seel,4
leon,noel,4
liam,mail,4
liar,rail,4
lias,sail,4
lien,neil,4
lion,noil,4
loop,pool,4
loot,tool,4
lots,stol,4
macs,scam,4
maps,spam,4
mart,tram,4
maws,swam,4
meet,teem,4
mils,slim,4
moor,room,4
naps,span,4
nero,oren,4
nips,spin,4
nuts,stun,4
oder,redo,4
ofay,yafo,4
oohs,shoo,4
pals,slap,4
pans,snap,4
part,trap,4
paws,swap,4
pees,seep,4
pets,step,4
pins,snip,4
pols,slop,4
pots,stop,4
prat,tarp,4
raps,spar,4
rats,star,4
reit,tier,4
rets,ster,4
rimy,ymir,4
rots,stor,4
saps,spas,4
smut,tums,4
snit,tins,4
snot,tons,4
spat,taps,4
spay,yaps,4
spit,tips,4
spiv,vips,4
spot,tops,4
stat,tats,4
stet,tets,4
stew,wets,4
suez,zeus,4
swat,taws,4
sway,yaws,4
swot,tows,4
tort,trot,4
trow,wort,4
abm,mba,3
abs,sba,3
aim,mia,3
air,ria,3
ait,tia,3
ali,ila,3
and,dna,3
anu,una,3
apc,cpa,3
ape,epa,3
api,ipa,3
arb,bra,3
are,era,3
ark,kra,3
arm,mra,3
ass,ssa,3
ate,eta,3
atp,pta,3
ats,sta,3
ave,eva,3
avi,iva,3
avo,ova,3
ayr,rya,3
bad,dab,3
bag,gab,3
bah,hab,3
bal,lab,3
ban,nab,3
bat,tab,3
bed,deb,3
ben,neb,3
bid,dib,3
big,gib,3
bin,nib,3
bis,sib,3
bod,dob,3
bog,gob,3
bol,lob,3
bon,nob,3
bor,rob,3
bot,tob,3
boy,yob,3
bro,orb,3
bud,dub,3
bun,nub,3
bur,rub,3
bus,sub,3
but,tub,3
cal,lac,3
cam,mac,3
cap,pac,3
cav,vac,3
caw,wac,3
cit,tic,3
civ,vic,3
cod,doc,3
cor,roc,3
cos,soc,3
cpu,upc,3
dag,gad,3
dah,had,3
dam,mad,3
dan,nad,3
dap,pad,3
dar,rad,3
dat,tad,3
daw,wad,3
ddt,tdd,3
def,fed,3
deg,ged,3
del,led,3
dem,med,3
den,ned,3
dep,ped,3
der,red,3
dew,wed,3
dig,gid,3
dim,mid,3
dir,rid,3
dis,sid,3
dog,god,3
doh,hod,3
dom,mod,3
don,nod,3
dor,rod,3
dos,sod,3
dot,tod,3
dts,std,3
duh,hud,3
dui,iud,3
duo,oud,3
dup,pud,3
eam,mae,3
ear,rae,3
edo,ode,3
eeg,gee,3
eel,lee,3
eon,noe,3
eur,rue,3
fao,oaf,3
far,raf,3
fer,ref,3
fig,gif,3
fir,rif,3
fps,spf,3
gal,lag,3
gam,mag,3
gan,nag,3
gar,rag,3
gas,sag,3
gat,tag,3
gel,leg,3
gem,meg,3
gen,neg,3
ger,reg,3
gev,veg,3
got,tog,3
gro,org,3
gum,mug,3
gur,rug,3
gut,tug,3
han,nah,3
hap,pah,3
hay,yah,3
hem,meh,3
hen,neh,3
hhs,shh,3
hin,nih,3
hoo,ooh,3
ibo,obi,3
ids,sdi,3
irs,sri,3
isp,psi,3
jam,maj,3
jar,raj,3
kay,yak,3
kor,rok,3
lap,pal,3
las,sal,3
lav,val,3
law,wal,3
lem,mel,3
let,tel,3
lev,vel,3
lin,nil,3
lit,til,3
lop,pol,3
los,sol,3
lxx,xxl,3
man,nam,3
map,pam,3
mar,ram,3
mas,sam,3
mat,tam,3
may,yam,3
mes,sem,3
mho,ohm,3
min,nim,3
mir,rim,3
mit,tim,3
mon,nom,3
mop,pom,3
mos,som,3
mot,tom,3
mss,ssm,3
mus,sum,3
mut,tum,3
mys,sym,3
nap,pan,3
nat,tan,3
nav,van,3
net,ten,3
nev,ven,3
new,wen,3
nip,pin,3
nit,tin,3
nor,ron,3
nos,son,3
not,ton,3
now,won,3
nus,sun,3
nut,tun,3
oat,tao,3
par,rap,3
pas,sap,3
pat,tap,3
pay,yap,3
per,rep,3
pes,sep,3
pis,sip,3
pit,tip,3
pos,sop,3
pot,top,3
pow,wop,3
pps,spp,3
pst,tsp,3
pus,sup,3
pwt,twp,3
rat,tar,3
raw,war,3
res,ser,3
rot,tor,3
rus,sur,3
saw,was,3
six,xis,3
stu,uts,3
taw,wat,3
tow,wot,3
way,yaw,3
