Word 1,Word 2,Length,Difficulty Score,Difficulty Class
saw,was,3,,Very Easy
dog,god,3,,Very Easy
emit,time,4,,Very Easy
evil,live,4,,Very Easy
fig,gif,3,,Very Easy
ave,eva,3,,Very Easy
pis,sip,3,,Very Easy
cod,doc,3,,Very Easy
snaps,spans,5,,Very Easy
hoo,ooh,3,,Very Easy
bol,lob,3,,Very Easy
sloops,spools,6,,Very Easy
bun,nub,3,,Very Easy
avo,ova,3,,Very Easy
desserts,stressed,8,,Very Easy
dah,had,3,,Easy
now,won,3,,Easy
may,yam,3,,Easy
part,trap,4,,Easy
know,wonk,4,,Easy
got,tog,3,,Easy
new,wen,3,,Easy
net,ten,3,,Easy
door,rood,4,,Easy
keep,peek,4,,Easy
pot,top,3,,Easy
meet,teem,4,,Easy
boy,yob,3,,Easy
bad,dab,3,,Easy
bed,deb,3,,Easy
big,gib,3,,Easy
nav,van,3,,Easy
per,rep,3,,Easy
pay,yap,3,,Easy
dat,tad,3,,Easy
don,nod,3,,Easy
doom,mood,4,,Easy
dim,mid,3,,Easy
diam,maid,4,,Easy
gas,sag,3,,Easy
deer,reed,4,,Easy
hem,meh,3,,Easy
pit,tip,3,,Easy
eel,lee,3,,Easy
gar,rag,3,,Easy
cap,pac,3,,Easy
dos,sod,3,,Easy
bag,gab,3,,Easy
gel,leg,3,,Easy
dew,wed,3,,Easy
loop,pool,4,,Easy
gut,tug,3,,Easy
nap,pan,3,,Easy
lap,pal,3,,Easy
bin,nib,3,,Easy
nit,tin,3,,Easy
hay,yah,3,,Easy
bis,sib,3,,Easy
res,ser,3,,Easy
gnus,sung,4,,Easy
dor,rod,3,,Easy
map,pam,3,,Easy
mar,ram,3,,Easy
pupils,slipup,6,,Easy
nip,pin,3,,Easy
pat,tap,3,,Easy
rat,tar,3,,Easy
cam,mac,3,,Easy
min,nim,3,,Easy
gem,meg,3,,Easy
snot,tons,4,,Easy
mat,tam,3,,Easy
gum,mug,3,,Easy
bus,sub,3,,Easy
bur,rub,3,,Easy
mils,slim,4,,Easy
maws,swam,4,,Easy
bats,stab,4,,Easy
maps,spam,4,,Easy
bat,tab,3,,Easy
pins,snip,4,,Easy
flog,golf,4,,Easy
pals,slap,4,,Easy
paws,swap,4,,Easy
burg,grub,4,,Easy
keel,leek,4,,Easy
ban,nab,3,,Easy
gulp,plug,4,,Easy
gat,tag,3,,Easy
bro,orb,3,,Easy
bonk,knob,4,,Easy
dap,pad,3,,Easy
mart,tram,4,,Easy
duo,oud,3,,Easy
bal,lab,3,,Easy
ergo,ogre,4,,Easy
kay,yak,3,,Easy
ger,reg,3,,Easy
demit,timed,5,,Easy
nuts,stun,4,,Easy
pst,tsp,3,,Easy
mop,pom,3,,Easy
civ,vic,3,,Easy
bros,sorb,4,,Easy
sports,strops,6,,Easy
loots,stool,5,,Easy
buts,stub,4,,Easy
denim,mined,5,,Easy
oat,tao,3,,Easy
pes,sep,3,,Easy
avid,diva,4,,Easy
doh,hod,3,,Easy
bod,dob,3,,Easy
pacer,recap,5,,Easy
macs,scam,4,,Easy
oohs,shoo,4,,Easy
pees,seep,4,,Easy
spay,yaps,4,,Easy
cav,vac,3,,Easy
dep,ped,3,,Easy
duh,hud,3,,Easy
dup,pud,3,,Easy
not,ton,3,,Medium
are,era,3,,Medium
but,tub,3,,Medium
man,nam,3,,Medium
der,red,3,,Medium
def,fed,3,,Medium
nos,son,3,,Medium
emos,some,4,,Medium
let,tel,3,,Medium
den,ned,3,,Medium
raw,war,3,,Medium
way,yaw,3,,Medium
moor,room,4,,Medium
pas,sap,3,,Medium
dem,med,3,,Medium
par,rap,3,,Medium
mon,nom,3,,Medium
mot,tom,3,,Medium
dial,laid,4,,Medium
air,ria,3,,Medium
parts,strap,5,,Medium
spot,tops,4,,Medium
pots,stop,4,,Medium
draw,ward,4,,Medium
pets,step,4,,Medium
peels,sleep,5,,Medium
dam,mad,3,,Medium
lit,til,3,,Medium
mus,sum,3,,Medium
dir,rid,3,,Medium
drawer,reward,6,,Medium
edit,tide,4,,Medium
deeps,speed,5,,Medium
aim,mia,3,,Medium
lias,sail,4,,Medium
kcal,lack,4,,Medium
spots,stops,5,,Medium
dray,yard,4,,Medium
eros,sore,4,,Medium
ben,neb,3,,Medium
bid,dib,3,,Medium
nat,tan,3,,Medium
lion,noil,4,,Medium
drag,gard,4,,Medium
deg,ged,3,,Medium
taw,wat,3,,Medium
spit,tips,4,,Medium
tort,trot,4,,Medium
nut,tun,3,,Medium
dot,tod,3,,Medium
pans,snap,4,,Medium
pools,sloop,5,,Medium
ports,strop,5,,Medium
loot,tool,4,,Medium
dort,trod,4,,Medium
sway,yaws,4,,Medium
rot,tor,3,,Medium
gen,neg,3,,Medium
jar,raj,3,,Medium
bud,dub,3,,Medium
hoop,pooh,4,,Medium
dart,trad,4,,Medium
cos,soc,3,,Medium
leer,reel,4,,Medium
cit,tic,3,,Medium
enol,lone,4,,Medium
daw,wad,3,,Medium
gam,mag,3,,Medium
lav,val,3,,Medium
tow,wot,3,,Medium
nips,spin,4,,Medium
gal,lag,3,,Medium
naps,span,4,,Medium
etas,sate,4,,Medium
ajar,raja,4,,Medium
keels,sleek,5,,Medium
gats,stag,4,,Medium
stew,wets,4,,Medium
gnaw,wang,4,,Medium
snoops,spoons,6,,Medium
decal,laced,5,,Medium
brag,garb,4,,Medium
dual,laud,4,,Medium
corp,proc,4,,Medium
gals,slag,4,,Medium
cram,marc,4,,Medium
reit,tier,4,,Medium
loops,spool,5,,Medium
buns,snub,4,,Medium
snit,tins,4,,Medium
lop,pol,3,,Medium
fao,oaf,3,,Medium
reknit,tinker,6,,Medium
knits,stink,5,,Medium
dorp,prod,4,,Medium
gnat,tang,4,,Medium
darg,grad,4,,Medium
gnats,stang,5,,Medium
snips,spins,5,,Medium
giro,orig,4,,Medium
lees,seel,4,,Medium
stat,tats,4,,Medium
delos,soled,5,,Medium
arb,bra,3,,Medium
dahs,shad,4,,Medium
pols,slop,4,,Medium
aril,lira,4,,Medium
poons,snoop,5,,Medium
saps,spas,4,,Medium
smut,tums,4,,Medium
rebut,tuber,5,,Medium
dialer,relaid,6,,Medium
eviler,relive,6,,Medium
looter,retool,6,,Medium
recaps,spacer,6,,Medium
rennet,tenner,6,,Medium
sprits,stirps,6,,Medium
marcs,scram,5,,Medium
nonet,tenon,5,,Medium
resat,taser,5,,Medium
sprat,tarps,5,,Medium
stows,swots,5,,Medium
gorp,prog,4,,Medium
prat,tarp,4,,Medium
swat,taws,4,,Medium
swot,tows,4,,Medium
gro,org,3,,Medium
and,dna,3,,Hard
dias,said,4,,Hard
del,led,3,,Hard
devil,lived,5,,Hard
deep,peed,4,,Hard
mir,rim,3,,Hard
guns,snug,4,,Hard
mas,sam,3,,Hard
han,nah,3,,Hard
flow,wolf,4,,Hard
rats,star,4,,Hard
knar,rank,4,,Hard
dine,enid,4,,Hard
dan,nad,3,,Hard
liar,rail,4,,Hard
fires,serif,5,,Hard
draws,sward,5,,Hard
dig,gid,3,,Hard
decaf,faced,5,,Hard
smart,trams,5,,Hard
deem,meed,4,,Hard
lever,revel,5,,Hard
bor,rob,3,,Hard
trow,wort,4,,Hard
bah,hab,3,,Hard
dar,rad,3,,Hard
gan,nag,3,,Hard
jam,maj,3,,Hard
bard,drab,4,,Hard
leper,repel,5,,Hard
lager,regal,5,,Hard
depot,toped,5,,Hard
dom,mod,3,,Hard
cal,lac,3,,Hard
spat,taps,4,,Hard
diaper,repaid,6,,Hard
fret,terf,4,,Hard
denies,seined,6,,Hard
avis,siva,4,,Hard
ailed,delia,5,,Hard
remit,timer,5,,Hard
raps,spar,4,,Hard
gums,smug,4,,Hard
lair,rial,4,,Hard
emir,rime,4,,Hard
flor,rolf,4,,Hard
ante,etna,4,,Hard
debut,tubed,5,,Hard
redraw,warder,6,,Hard
retros,sorter,6,,Hard
laver,reval,5,,Hard
gram,marg,4,,Hard
grus,surg,4,,Hard
aryl,lyra,4,,Hard
ait,tia,3,,Hard
darter,retrad,6,,Hard
anal,lana,4,,Hard
knaps,spank,5,,Hard
deffer,reffed,6,,Hard
sleets,steels,6,,Hard
abut,tuba,4,,Hard
auks,skua,4,,Hard
stet,tets,4,,Hard
isp,psi,3,,Hard
mho,ohm,3,,Hard
pos,sop,3,,Very Hard
nor,ron,3,,Very Hard
nus,sun,3,,Very Hard
los,sol,3,,Very Hard
six,xis,3,,Very Hard
secret,terces,6,,Very Hard
las,sal,3,,Very Hard
animal,lamina,6,,Very Hard
mos,som,3,,Very Hard
notes,seton,5,,Very Hard
mes,sem,3,,Very Hard
deliver,reviled,7,,Very Hard
ages,sega,4,,Very Hard
ate,eta,3,,Very Hard
fer,ref,3,,Very Hard
straw,warts,5,,Very Hard
harris,sirrah,6,,Very Hard
pus,sup,3,,Very Hard
lev,vel,3,,Very Hard
ark,kra,3,,Very Hard
amor,roma,4,,Very Hard
mut,tum,3,,Very Hard
dag,gad,3,,Very Hard
cor,roc,3,,Very Hard
fir,rif,3,,Very Hard
sonnet,tennos,6,,Very Hard
bog,gob,3,,Very Hard
girt,trig,4,,Very Hard
lin,nil,3,,Very Hard
hap,pah,3,,Very Hard
langer,regnal,6,,Very Hard
denier,reined,6,,Very Hard
ats,sta,3,,Very Hard
feer,reef,4,,Very Hard
larum,mural,5,,Very Hard
arak,kara,4,,Very Hard
agar,raga,4,,Very Hard
abas,saba,4,,Very Hard
hales,selah,5,,Very Hard
ayr,rya,3,,Very Hard
camus,sumac,5,,Very Hard
airts,stria,5,,Very Hard
dedal,laded,5,,Very Hard
sakis,sikas,5,,Very Hard
bots,stob,4,,Very Hard
atp,pta,3,,Very Hard
kor,rok,3,,Very Hard
dis,sid,3,,Insane
stu,uts,3,,Insane
pow,wop,3,,Insane
